link,headline,short_description,authors,date
https://www.huffingtonpost.com/entry/israel-without-the-conflict_b_5474556.html,Israel Without the Conflict,"A new trend is rising in Israeli cinema. While the world is, for the most part, more interested in Israeli films on the topic of the Palestinian-Israeli conflict, Israel's real cinematic success is coming from stories of life in Israel outside the conflict.","Isaac Zablocki, ContributorDirector of Film Programs, JCC Manhattan, ReelAbilities Film F...",2014-06-10
https://www.huffingtonpost.com/entry/first-nighter-gyllenhaal-wilson-illuminate-constellations_b_6466620.html,"First Nighter: Gyllenhaal, Wilson Illuminate Nick Payne's 'Constellations'",Nick Payne's Constellations arrives at the Manhattan Theatre Club's Samuel J. Friedman after winning the 2012 Evening Standard Theatre Award for Best Play and receiving a clutch of rave reviews that encouraged the move from its initial production at London's Royal Court to the West End.,"David Finkle, ContributorWriter, Drama Critic",2015-01-14
https://www.huffingtonpost.com/entry/happy-birthday-stephen-schwartz_b_6818458.html,"Happy Birthday, Stephen Schwartz!","Mr. Schwartz, thank you so much for your incredible music. It's brought me and countless others a great deal of joy and helped form incredible friendships that mean the world to us.","Kelseigh Ingram, ContributorStudent, Indiana University",2015-03-09
https://www.huffingtonpost.com/entry/janet_krupin-_b_5597848.html,Janet Krupin Keeps Dance Music Trill: How Working Alongside Idina Menzel Inspired Integrity-Driven EDM,"Krupin and Caraballo have a vision of electronic dance music (EDM) that refreshes people through movement and sound, a vision of dance music that leaves people with a cleared mind and increased connection with the universe.","Annie Schugart, ContributorHarvard junior from Kansas City",2014-07-21
https://www.huffingtonpost.com/entry/side-show-stage-directions-and-henry-krieger_b_6243594.html,Side Show: Stage Directions and Henry Krieger,"I saw it first. Well, not quite. The rapturous critical reception that has greeted the revival of Side Show on Broadway takes me back, way back, to a demonstration of Side Show's unique power that I witnessed firsthand quite some time ago.","Barry Singer, ContributorWrites about the Arts, Literature & Winston Churchill. He ...",2014-12-03
https://www.huffingtonpost.com/entry/art-and-activism-collide_b_6965408.html,The Worlds of Art and Activism Collide,"Noah Fischer has been working to expose the exploitative labor conditions that the Guggenheim has undertaken building its museum in Abu Dhabi, and is a strategist and organizer of direct actions on the topic of debt.","Alex Cacioppo, ContributorIndependent Observer",2015-03-30
https://www.huffingtonpost.com/entry/outbursts-of-genius-in-san-franciscos-romeo-and-juliet_b_7197510.html,Outbursts of Genius in San Francisco Ballet's Romeo and Juliet,"Helgi Tomasson's Romeo and Juliet made a comeback at San Francisco's War Memorial Opera House last night, buoyed by a vivid and sensitive performance of the Prokofiev score by the San Francisco Ballet Orchestra, under the electrifying baton of Martin West.","Carla Escoda, ContributorDance, theatre and arts critic, based in San Francisco. Former...",2015-05-03
https://www.huffingtonpost.com/entry/4000-blocks_b_5232980.html,4000 Blocks,"The artist Ellie Ga has created works out of her experiences in the North Pole and more recently off the coast of Alexandria, at the site of the underwater excavation of the famous Pharos Lighthouse -- one of the seven wonders of the ancient world.","Francis Levy, ContributorWriter",2014-04-30
https://www.huffingtonpost.com/entry/cindy-jacksons-stalled-ra_b_5775678.html,Cindy Jackson's Stalled Rapture,"By turns deftly framing the problem through satire and alleviating the pressure through humor and craftsmanship, Jackson's work speaks to our yearning for salvation partly through irony and partly through love.","Shana Nys Dambrot, ContributorArt critic, curator, essayist based in Los Angeles.",2014-09-08
https://www.huffingtonpost.com/entry/post_9556_b_7632770.html,Recordings From Music Maker Relief Foundation (and a Free Album!),"Public folklorists like me often advocate for traditional arts, and for individual traditional artists. We try to increase funding, support, and participation in the art forms we work with, and we recommend artists for gigs, awards, grants, and other recognition.","Stephen D. Winick, ContributorFolklorist, Music Critic, Editor",2015-06-24
https://www.huffingtonpost.com/entry/aisle-view-swingers-with_b_7582262.html,Aisle View: Swingers With Qualms,"Bruce Norris, who has given us the award-winning Clybourne Park (about race relations) and the less-successful Domesticated (about the broken marriage of a philandering politician), turns to wife-swapping in The Qualms.","Steven Suskin, ContributorDrama critic",2015-06-15
https://www.huffingtonpost.com/entry/stage-door-ute-lemper-sin_b_5769040.html,Stage Door: Ute Lemper Sings Love Songs of Pablo Neruda,"It may sound an unusual topic for cabaret, but the actress, who devised the concept, melodies and vocal compositions, scores another musical triumph. Her jazzy rendition of Neruda's love poems is hypnotic, delivered in Spanish, French and English.","Fern Siegel, ContributorDeputy Editor, MediaPost",2014-09-04
https://www.huffingtonpost.com/entry/running-in-tap-shoes-choreographer-janine-molinari-on-teaching-broadway-kids-and-other-adventures-in-dance_b_7019478.html,Running in Tap Shoes: Choreographer Janine Molinari on Teaching Broadway Kids and Other Adventures in Dance,"""Watch out,"" Janine Molinari laughs, flashing me a megawatt smile. ""They're gonna come at you!"" No sooner has the acclaimed choreographer-director-dance teacher spoken than her students, 20 of Broadway's finest child performers, come barreling toward me.","Jaime Lubin, ContributorActress and writer",2015-04-09
https://www.huffingtonpost.com/entry/moving-side-show-to-broad_b_5687449.html,Moving Side Show to Broadway,"Whenever a show makes this big move it is a cause for celebration. It suggests that the producing theaters created something of value, something that for-profit producers believe will be of interest to a far wider audience than any single regional theater can reach.","Michael Kaiser, ContributorChairman, DeVos Institute of Arts Management",2014-08-18
https://www.huffingtonpost.com/entry/life-with-lyme_b_6207320.html,Life with Lyme,"On a crisp November morning I arrive to spend some time with Sarah.  I am greeted first by Sparky, a tiny yet mighty rat terrier, donning a sweater with a lightening bolt emblazoned on his back. Seconds later, Sarah slowly comes to the door and welcomes me into her home with open arms and a slight smile. These days she spends most of her time in a makeshift bedroom that appears to have once been the dining room. The space is connected to the kitchen and still holds a china cabinet, though it's now filled with shoeboxes of medication and supplements rather than plates and glasses","Grryo, Contributorgrr¬∑yo [gree-oh, gree-yoh] noun : An international collective ...",2014-11-24
https://www.huffingtonpost.com/entry/why-we-all-need-working-parents_us_5bb2c62de4b0480ca65bcc8e,Why We All Need Working Parents,"Why did I tell the big firms that I had a 10-month-old at home, you might ask? My answer is simple: I was looking for the kind of workplace where I could be both the lawyer and the parent I wanted to be.","Anne Weisberg, Contributor
Senior Vice President for Strategy, Families and Work Institute",2012-06-17
https://www.huffpost.com/entry/tesla-elon-musk-autopilot-self-driving-china_n_608377a1e4b02e74d21998b8,Watch Consumer Reports Trick A Tesla Into Driving Without A Driver,The problem was exposed after two men were killed in a Tesla that authorities said was driverless but CEO Elon Musk denied.,Mary Papenfuss,2021-04-24
https://www.huffingtonpost.com/entry/obstacles-for-women-reach_b_5484743.html,Obstacles for Women Reaching the Top: Unconscious Images,"If tooting your own horn is hard for you (a common thing among women), PRACTICE. Or ask a colleague or sponsor to ""toot"" on your behalf (and do that for others).","Caroline Turner, ContributorAuthor, workshop facilitator, speaker, consultant",2014-06-13
https://www.huffingtonpost.com/entry/hacking-the-win-win-win-b_b_7527604.html,Hacking the WIN-Win-Win Business Model,The model is simple - you serve the needs of your core customers for free or almost for free. The core customer's activity creates a side-effect that can be harnessed to create value for another set of customers that are willing to pay.,"Rajesh Setty, ContributorSerial entrepreneur",2015-06-07
https://www.huffingtonpost.com/entry/email-wire-transfer-scams_us_57076ce1e4b03a9e75d40a59,Cyber Fraudsters Reap Billions Through Email Wire-Transfer Scams,Losses from these scams totaled more than $2.3 billion from October 2013 through February of this year.,"JIM FINKLE, Reuters",2016-04-08
https://www.huffingtonpost.com/entry/8-ways-entrepreneurs-can_b_7675542.html,8 Ways Entrepreneurs Can Lead With New Work Models,"As an entrepreneur, you need to be aware that the notions of work are changing just as fast as the technology for products. It's an opportunity for innovation that cannot be ignored as a success and competitor differentiator.","Marty Zwilling, ContributorVeteran Start-up Mentor; Executive",2015-06-26
https://www.huffingtonpost.com/entry/walmart-bulletproof-black-lives-matter_us_585aab22e4b0eb586484c12f,Walmart Ditches 'Bulletproof: Black Lives Matter' T-Shirt After Police Protest,The Fraternal Order of Police has also complained to Amazon.,Mary Papenfuss,2016-12-21
https://www.huffingtonpost.com/entry/tesla-autopilot-second-crash_us_577d7ea6e4b01edea78c76b7,Tesla Isn't Sure Autopilot Was Enabled During Second Crash,The company says it has been unable to speak with survivors or retrieve crash data.,Michael McLaughlin,2016-07-07
https://www.huffingtonpost.com/entry/t-mobile-agrees-to-acquire-sprint-for-26-billion_us_5ae5fa33e4b02baed1bb3a43,T-Mobile Agrees To Acquire Sprint For $26 Billion,U.S. regulators are expected to grill the companies on how they will price their combined wireless offerings.,"Greg Roumeliotis, Reuters",2018-04-29
https://www.huffingtonpost.com/entry/marijuana-vending-machines_us_5bb2f741e4b0480ca65fbbe8,"Marijuana Vending Machines, Stoner Fantasy, May Become Industry Norm","‚ÄúIt‚Äôs like a gold rush,‚Äù Davis said. ‚ÄúOnce significant investment capital comes to the market, who knows?‚Äù Davis said he",Eleazar David Melendez,2013-06-09
https://www.huffingtonpost.com/entry/post_8071_b_5618497.html,Millennials: The WHY Behind Favorite Brands,"Last week, we polled 150 Millennials about their favorite and least favorite brands.  I was struck by a few common threads from within the data. There were patterns I found compelling, particularly given that this poll was unsolicited -- there were no dropdowns or menus to choose from.","Melanie Curtin, ContributorWriter/speaker on sex & dating and eCommerce. Creator of viral...",2014-07-25
https://www.huffingtonpost.com/entry/chipotle-plans-to-hire-4000-workers-on-sept-9_us_55db59dbe4b08cd3359cbbc7,"Chipotle Plans To Hire 4,000 Workers On A Single Day In September","As the economy improves, a good burrito maker is increasingly hard to find.",Emily Peck,2015-08-24
https://www.huffingtonpost.com/entry/women-in-business-megan-driscoll-founder-and-president-pharmalogics_b_6918164.html,"Women in Business: Megan Driscoll, Founder and President, PharmaLogics",Megan Driscoll is the founder and president of  PharmaLogics. She has been recruiting in the bio-pharmaceutical industry for well over 17 years.,"Laura Dunn, ContributorSocial Media and Communications Professional, Founder and Edit...",2015-03-22
https://www.huffingtonpost.com/entry/minimum-wage-protests_us_5710adb1e4b0060ccda2e9d2,Thousands Of Protesters March For $15 Hourly Wages Across U.S.,"Protests were also held overseas, including at a McDonald's at Disneyland Paris and outside the headquarters for the South Korea division of the fast-food giant.","ALEX DOBUZINSKIS, Reuters",2016-04-15
https://www.huffingtonpost.com/entry/trump-needs-to-stop-pretending-hes-king-midas_us_57ed0b99e4b024a52d2cfa02,Trump Needs To Stop Pretending He's King Midas,"We ain't saying he's a gold digger, but...",Jenna Amatulli,2016-09-29
https://www.huffingtonpost.com/entry/how-a-humans-of-new-york-_b_6534854.html,How a Humans of New York Fundraiser Taught Us About Education,"It was the call to action heard 'round the Internet: Brandon Stanton, founder of the greatest thing online, Humans of New York, posted a series of photos about Mott Hall Bridge Academy, a small Brooklyn, NY middle school.","Rainesford Alexandra, ContributorWriter, college student, dancer",2015-01-26
https://www.huffingtonpost.com/entry/texas-schools-illegal-policies-federal-law_us_5a578f58e4b018a4f8b6ac74,Texas Schools Illegally Excluded Students With Disabilities: Federal Officials,"‚ÄúEvery child with a disability must have appropriate access to special education and related services that meet his or her unique needs,‚Äù Education Secretary Betsy DeVos said.",Sebastian Murdock,2018-01-11
https://www.huffingtonpost.com/entry/devos-should-stop-stalling-enforce-obama-rules-to_us_5962bf80e4b08f5c97d06ae4,"DeVos Should Stop Stalling, Enforce Obama Rules To Protect Students From Fraud","This week, the Department of Education is holding hearings (Monday in DC, Wednesday in Dallas) at which members of the public","David Halperin, ContributorAttorney, advocate, writer at RepublicReport.org",2017-07-09
https://www.huffingtonpost.com/entry/the-character-of-my-boat_b_6490404.html,The Character of My Boat,"Boats are like movie cameras and can grow into films or stories themselves. When you think a boat's life is over -- dead, think again; its ending grows into a new beginning. Boats can have many lives, as long as their captain has a dream and a good work ethic.","Write for the Future, ContributorCollege Admissions Essay Program",2015-01-16
https://www.huffingtonpost.com/entry/seven-more-reasons-to-opt_b_7037268.html,Seven More Reasons to Opt-Out of High-Stakes Testing,"In case you need more reasons to oppose high-stakes Common Core tests, here are seven more reasons to opt-out.","Alan Singer, ContributorSocial studies educator, Hofstra University, my opinions, of c...",2015-04-10
https://www.huffingtonpost.com/entry/peter-cunninghams-education-post-chaperoned-by-broad_us_59e54e8de4b08c75593ce5fd,Peter Cunningham‚Äôs Education Post Chaperoned By Broad Foundation,"On September 01, 2014,¬†Lyndsey Layton of the¬†Washington Post¬†officially introduced Peter Cunningham‚Äôs¬†Education Post¬†to the","Mercedes Schneider, ContributorPublic school teacher, education activist, PhD",2017-10-17
https://www.huffingtonpost.com/entry/bystander-intervention-an_b_5999850.html,Bystander Intervention and Double Standards of Sexual Assault During Hazing,Understanding the importance of bystander intervention and how to make a positive impact using it is a skill set that is needed in every school. These alleged incidents are proof that a conversation and education about bystander intervention is needed in every school and every home in our country.,"Mike Domitrz, ContributorDateSafeProject.org Blogger, Speaker, and Author, including ""C...",2014-10-23
https://www.huffingtonpost.com/entry/for-effective-education-p_b_7676448.html,"For Effective Education Policy, Listen to Effective Teachers",At the heart of the disagreement is whether the law should include meaningful accountability for the nation's most at-risk students. A group of effective classroom teachers from across the country is joining the fray with a powerful -- and perhaps unexpected -- message.,"Teach Plus, ContributorTeacher Leadership Organization",2015-06-27
https://www.huffingtonpost.com/entry/why-america-demonizes-its-teachers_b_7463084.html,Why America Demonizes Its Teachers,"Evaluating teachers on their students' performance is an issue that has elicited much comment of late. In essence, this view assumes that if students aren't learning, the fault lies squarely with their teachers alone.","Frank Breslin, ContributorRetired high-school teacher",2015-05-29
https://www.huffingtonpost.com/entry/will-the-new-jersey-lotto_b_7780160.html,Will the New Jersey Lotto Help Student Loan Borrowers?,"For some graduates, paying off their student debt just became a gamble. Student loan debt has become an increasingly pressing crisis in the past several years, with politicians all suggesting solutions to help graduates pay off their student loans. New Jersey Assemblyman John Burzichelli recently proposed a student loan debt lottery.","Stephen Dash, ContributorStudent loan expert, CEO of Credible",2015-07-12
https://www.huffingtonpost.com/entry/encouraging-the-discourag_b_7221896.html,Encouraging the Discouraged Reader,"Why do we have so many children that choose not to read? As I pondered that question, I was watching a children's TV channel and decided to do some informal research. I decided to pay particular attention to the commercials being presented to our children.","Rob Furman, ContributorElementary Principal, Author, National Presenter",2015-05-12
https://www.huffingtonpost.com/entry/inland-empire-early-colle_b_6559234.html,Inland Empire Early College Paves Pathway to Postsecondary,"In the Inland Empire sprawling east of Los Angeles, the promise of the American-California Dream can seem as remote as the Pacific and the Sierras.","GenDIY, ContributorGenDIY",2015-01-30
https://www.huffingtonpost.com/entry/states-should-be-giving-y_b_6101482.html,States Should Be Giving You Useful Data About Your Children's Schools,"While report card day is a moment of truth for students, when is the time for states to pony up accurate information about how they're doing to parents? The answer in too many states is not often enough.","Aimee Rogstad Guidera, ContributorPresident and CEO, Data Quality Campaign",2014-11-04
https://www.huffingtonpost.com/entry/doctor-lawyer-camel-ranch_b_6803190.html,"Doctor, Lawyer, Camel Rancher: Helping Your Kids Discover Careers They Love","When you became a parent, you were entrusted with a squishy little bundle of brains, possibilities, and aspirations--and you committed to giving your offspring everything at your disposal and more.","Smart Parents, ContributorA blog series for parents, by parents who are navigating educa...",2015-03-05
https://www.huffingtonpost.com/entry/school-choice-chicago_b_6576814.html,Choice Is a Privilege,"In a town like Chicago, ""choice"" isn't a right, but a privilege based on income, class, and skin color.","Michael Beyer, ContributorNational Board Certified teacher, Ed.D. in urban education lea...",2015-01-30
https://www.huffingtonpost.com/entry/what-its-like-to-get-nexplanon-the-birth-control_us_59c15a85e4b082fd4205ba3f,"What It's Like To Get Nexplanon, The Birth Control Implant In Your Arm","It was very anticlimactic, and like the doctor said, I didn‚Äôt feel a thing.","Health.com, ContributorHealth.com",2017-09-19
https://www.huffingtonpost.com/entry/shameover-mens-mental-health_us_55e89d73e4b0aec9f3569fe3,Introducing ShameOver: A Conversation About Men's Mental Health,Because emotions are not a weakness.,Lindsay Holmes,2015-09-10
https://www.huffingtonpost.com/entry/the-forgotten-farmers_b_7163906.html,The Forgotten Farmers,"While I advocate for organic food, I see a rising obsession for certified USDA Organic that is alarming. In other words, anything that doesn't have the organic seal is rejected as ""poisonous garbage,"" and the farmers who produced it labeled as ""evil.""","Stefanie Sacks, MS, CNS, CDN, ContributorCulinary nutritionist, author, consultant, speaker and food fi...",2015-05-15
https://www.huffingtonpost.com/entry/why-viruses-thrive-on-college-campuses_us_57e001a2e4b0071a6e086a60,Why Viruses Thrive On College Campuses,‚ÄúPeople are definitely exposed to each other at a higher intensity‚Äù in college dorms and other shared spaces.,"Rachael Rettner, LiveScience.com",2016-09-19
https://www.huffingtonpost.com/entry/why-netflixs-13-reasons-why-could-save-lives_us_591b440ce4b0f31b03fb9f87,Why Netflix's '13 Reasons Why' Could Save Lives,"Last month, I (and the other parents at our children‚Äôs school) received an email from the headmaster informing us that many","Rebecca Lammersen, ContributorI‚Äôm a mother/writer/poet/yoga teacher/student/swimmer/lover of...",2017-05-16
https://www.huffingtonpost.com/entry/sleep-tracking-problems_us_59010a54e4b0026db1ddd604,I Tracked My Sleep For A Month And All It Did Was Stress Me Out,"For anxious high-achievers, adding one more metric is something to lose sleep over.","Anna Sterling, HuffPost",2017-04-28
https://www.huffingtonpost.com/entry/happy-spouse-better-health_us_57ea91cae4b024a52d2ab31a,A Happy Spouse Might Mean Better Health,Well this is win-win.,Allison Fox,2016-09-27
https://www.huffingtonpost.com/entry/treadmill-workouts_b_5948400.html,5 Boredom-Busting Treadmill Workouts,"Hate the dreadmill? These high-intensity interval routines will challenge your body and your brain, boosting your fitness level as the minutes fly by.","SELF, Contributor",2014-10-12
https://www.huffingtonpost.com/entry/the-benefits-of-being-mindful_us_5a1389aae4b08b00ba673354,The Benefits Of Being Mindful,Have you ever spent time getting things done only to think a bit later that you are not sure if you have actually done them,"Dr. Kurt Smith, ContributorClinical Director, Guy Stuff Counseling & Coaching",2017-11-21
https://www.huffingtonpost.com/entry/get-stressed-eat-repeat-how-we-can-break-stress_us_58415c3de4b04587de5de8fd,Get Stressed. Eat. Repeat. How We Can Break Stress Eating Habits Simply By Paying Attention.,"‚ÄúI gained insight today relating to the correlation my exercise routine and my eating patterns,‚Äù she posted on our online","Judson Brewer, ContributorAssociate Professor, UMass Medical School",2016-12-02
https://www.huffingtonpost.com/entry/men-yoga_b_7655114.html,Why More Men Should Practice Yoga,"As more celebrities step into the spotlight as yogis, I'm happily seeing more and more men give it a shot. Thanks to yoga, they are now enjoying better flexibility, improved performance in other sports, and less injury.","Rachael Yahne, ContributorLifestyle writer, blogger, and cancer survivor sharing advice ...",2015-06-25
https://www.huffingtonpost.com/entry/summer-diet_b_7242084.html,5 Diet Disasters That May Hurt You (and Your Waist) This Summer,"You don't need to swear these foods off completely this summer.  You just need to be mindful of how much of them you're eating, and how often.","Kristin Kirkpatrick, M.S., R.D., L.D., ContributorManager of Wellness Nutrition Services at Cleveland Clinic Wel...",2015-05-15
https://www.huffingtonpost.com/entry/3-ways-to-relieve-pain-wi_b_6271514.html,3 Ways to Help Relieve Pain With Massage,"Whatever your situation is, you can make a choice to keep healthy and injury-free. I now take 10 minutes when I get out of bed or 10 minutes during the evening news to relieve my muscle pain with self-therapy massage. It's now a daily habit.","Chris Freytag, ContributorNational fitness expert, speaker, contributor to Prevention ma...",2014-12-10
https://www.huffingtonpost.com/entry/conquer-this-feeling-for-work-life-balance_us_598a1273e4b0f25bdfb32019,You MUST Conquer This Feeling For Work-Life Balance,"One word describes the universal feeling many, if not all women experience that inhibits their quest for work-life balance","Dr. Patty Ann Tublin, ContributorEmotional Intelligence, Communication & Relationship Expert",2017-08-08
https://www.huffingtonpost.com/entry/human-cases-of-rabbit-fever-have-jumped-this-year_us_5661d90be4b08e945fef4c8e,Human Cases of 'Rabbit Fever'  Have Jumped This Year,Weather conditions might be to blame.,"Mike Stobbe, Associated Press",2015-12-04
https://www.huffingtonpost.com/entry/repurposing-ideas-new-uses-rice_us_5b9c6a8fe4b03a1dcc7e7957,Repurposing Ideas: 5 New Uses For Rice,You can use rice for a whole bunch of household tasks. Here are our favorites.,"Chris Barnes, Contributor
Non-Profit Public Relations Specialist",2012-10-16
https://www.huffingtonpost.com/entry/how-to-clean-a-phone_us_5b9cb0b2e4b03a1dcc80ea77,How To Clean A Phone,Yikes!,"Bruce Lubin, Contributor
co-author of the Who Knew? book series and the website WhoKnew...",2013-01-07
https://www.huffingtonpost.com/entry/old-wives-tales_us_5b9d620be4b03a1dcc87513b,9 'Old Wives' Tales' That Are Actually True (PHOTOS),"6. Remove Carpet Dents With An Ice Cube: This sounds super weird, but there is truth to it! Leave it in the stubborn hole",Shana Ecker,2013-07-26
https://www.huffingtonpost.com/entry/paramount-residence-alma_us_5b9d6b58e4b03a1dcc87cac7,Paramount Residence Alma By Plasma Studio Is Set In The Most Picturesque Mountain Scene (PHOTOS),Do you have a home story idea or tip? Email us at homesubmissions@huffingtonpost.com. (PR pitches sent to this address will,Shana Ecker,2013-08-09
https://www.huffingtonpost.com/entry/thom-filicia-house-tour-elle-decor_us_5b9d2c94e4b03a1dcc852b0e,Thom Filicia Combines Elegance And Comfort In His Latest House Tour Featured In Elle Decor's June Issue (PHOTOS),It's the only way we can think of celebrating his birthday!,Michelle Manetti,2013-05-17
https://www.huffingtonpost.com/entry/dont-be-the-last-person-t_us_5b9d0c45e4b03a1dcc840703,Don't Be the Last Person to Get Backyard Chickens,"From the rooftops of Brooklyn to the backyards of Seattle, recreational chicken ranching is increasingly popular in urban and suburban neighborhoods. At the rate this agrarian hobby is growing it's only a matter of time until you have a few hens of your own.","Ryan Nickum, Contributor
Blogger, Estately Real Estate Search",2013-04-15
https://www.huffingtonpost.com/entry/how-to-clean-cell-phone-keys-with-an-eraser_us_5b9c8079e4b03a1dcc7f3ac2,How To Clean Cell Phone Keys With An Eraser,What an unusual use for a rubber eraser.,Michelle Manetti,2012-11-09
https://www.huffingtonpost.com/entry/painted-votive-candle-holders-craft_us_5b9cae84e4b03a1dcc80d6cf,DIY Painted Votive Candle Holders That Will Add A Unique Touch To Your Home,Making it is just as easy as enjoying it.,Amy Marturana,2013-01-03
https://www.huffingtonpost.com/entry/biggest-party-mistakes-hosting_us_5b9d7330e4b03a1dcc882464,The 5 Biggest Party Mistakes You May Be Making When You're Hosting At Home (PHOTOS),2. Not Giving A Clear Time Frame. Will your guests have to block off their entire Saturday for your party? Or do you just,Shana Ecker,2013-08-20
https://www.huffingtonpost.com/entry/best-flea-markets-world_us_5b9d8f72e4b03a1dcc89829b,A Guide To The Best Flea Markets In The World (PHOTOS),"Bear in mind that many of the people who sell in flea markets (or the more upscale-called ""antique market"") are real antique","Maria Brito, Contributor
Art Advisor, Designer, Curator, Book Author",2013-09-30
https://www.huffingtonpost.com/entry/youtube-spaces-chris-young_us_5b9b90d4e4b03a1dcc78a89a,House Tour: YouTube 'Spaces' Creator Chris Young's Manhattan Home (PHOTOS),"In the end, Young has created a home that best reflects his personality. And, Spaces wants to convey the same message, says",Diana N. Nguyen,2012-04-13
https://www.huffingtonpost.com/entry/homes-pool-tables_us_5b9d6614e4b03a1dcc8786c7,15 Homes With Amazing Pool Tables That Are Anything But An Eyesore (PHOTOS),"Now this is just showing off. Traditional Basement by Other Metro Paint & Wall Coverings Faux-Real, LLC Pool tables can totally",Michelle Manetti,2013-08-01
https://www.huffingtonpost.com/entry/6-lessons-from-freaks-geeks_us_5b9d81c5e4b03a1dcc88e2b4,6 Life Lessons From 'Freaks & Geeks' (GIFs),"Watching Freaks and Geeks brings back memories of our teenage years, but there are several life lessons that you can take away from the show that pertain to everyday life. Here are some of our favorite household tips from the series.","Chris Barnes, Contributor
Non-Profit Public Relations Specialist",2013-09-12
https://www.huffingtonpost.com/entry/olive-grove-home_us_5b9d6cd9e4b03a1dcc87da58,"The Olive Grove Home In Andalucia, Spain Has Gorgeous Views Of The Sea (PHOTOS)",We can't think of anything more charming than a rustic farmhouse amidst wild olive and almond trees. Combine that with breathtaking,Shana Ecker,2013-08-12
https://www.huffingtonpost.com/entry/a-conversation-with-the-r_us_5b9d0bc3e4b03a1dcc840367,A Conversation With The Rug Company's Co-founder Suzanne Sharp,"Suzanne Sharp, the founder and creative director of The Rug Company recently launched three new geometric rug designs. The rugs are handmade in Nepal using only the finest Tibetan wools.","Blue Carreon, Contributor
Fashion writer",2013-04-16
https://www.huffingtonpost.com/entry/joy-reid-blog-post-hacking_us_5ae0ae7ee4b02baed1b593b6,Joy Reid‚Äôs Hacking Claims Look Increasingly Unlikely,"Only a pretty bizarre course of events would have led to those allegedly ""fraudulent"" homophobic blog posts.",Hayley Miller,2018-04-26
https://www.huffingtonpost.com/entry/andrew-napolitano-warning-trump-michael-cohen_us_5af35258e4b0859d11d004d0,Fox News Judicial Analyst Issues Dark Warning To Trump Over Michael Cohen,"""Mr. President, please be wary of all of this,"" Andrew Napolitano said.",Rebecca Shapiro,2018-05-09
https://www.huffingtonpost.com/entry/shepard-smith-trump-fact-check_us_5a56c42ee4b03bc4d03dee3c,Shepard Smith Hits Trump With A Brutal Fact Check On Russia Investigation,The Fox News host has a news flash for the president.,Ed Mazza,2018-01-11
https://www.huffingtonpost.com/entry/think-the-nyt-and-fox-covered-bannon-differently-yes_us_599c2424e4b0ac90f2cba9b7,Think The New York Times And Fox Covered Bannon Differently? Yes And No. | The Knife¬†Media,"(The Knife Media) Stephen Bannon left the White House. What are the measurable facts? Well, he left, plain and simple. Compare","Jens Erik Gould, ContributorEditor-in-Chief of The Knife Media",2017-08-22
https://www.huffingtonpost.com/entry/sixty-years-in-journalism_b_6818820.html,"60 Years in Journalism: You Can Go Home Again, But It's Hard","Foreign cultures go back centuries, evident not only from ancient castles on hilltops but from the attitudes inculcated in populations by tradition, attitudes toward family, friends, classmates, local leaders and central governments. A foreign correspondent is always an outsider, but often a welcome onlooker.","Irv Chapman , ContributorVeteran Washington and foreign correspondent for major broadca...",2015-03-09
https://www.huffingtonpost.com/entry/what-journalism-needs-to-do-post-election_us_5835b8b4e4b050dfe61878e5,What Journalism Needs To Do Post-Election,"Doubling down on catering to white people or so-called ""impartiality"" is not the answer.","Carrie Brown, ContributorDirector of the social journalism program at the CUNY Graduate...",2016-11-23
https://www.huffingtonpost.com/entry/trump-rejected-snl-skits-too-risque_us_563e38a5e4b0b24aee4a8fab,Donald Trump Says He Rejected 'SNL' Skits That Were 'Too Risqu√©',The candidate told Bill O‚ÄôReilly he had to keep his poll numbers in mind.,Gabriel Arana,2015-11-07
https://www.huffingtonpost.com/entry/se-cupp-nikki-haley-balls_us_5ad7e885e4b03c426dab1a2f,Conservative Pundit S.E. Cupp Hits Trump White House Right In The Balls,"The HLN host says Nikki Haley ""makes her male counterparts look like scared schoolboys.""",Ed Mazza,2018-04-19
https://www.huffingtonpost.com/entry/us-press-freedom-tracker-journalists-attacks_us_5980de10e4b0353fbb3332bc,Journalism Advocates Join In Tracking Trump-Era Attacks On The Press,"The U.S. Press Freedom Tracker will catalog arrests, threats and assaults against journalists.",Michael Calderone,2017-08-02
https://www.huffingtonpost.com/entry/center-for-public-integrity-layoffs_us_5727a5efe4b0b49df6abf293,Center For Public Integrity Lays Off Two Reporters Amid Restructuring,The cutbacks come on the heels of the Center's international investigative project scoring major scoop with the Panama Papers.,Michael Calderone,2016-05-02
https://www.huffingtonpost.com/entry/tomi-lahren-joe-kennedy-meltdown_us_5a72735ce4b09a544b5665fb,Tomi Lahren Apologizes For 'Limp Dick' Social Media Meltdown,The conservative commentator attacked Rep. Joe Kennedy III on Instagram.,Ed Mazza,2018-02-01
https://www.huffingtonpost.com/entry/why-we-need-pull-no-punches-reporting-that-holds_us_59f0a7d8e4b0dd88d362d8e4,Why We Need 'Pull-No-Punches Reporting' That Holds Big Corporations And Moneyed Interests Accountable,The problem with the media today is not fake news. The problem is that we don‚Äôt get enough of the news we really need. I,"Wendell Potter, ContributorFounder of Tarbell.org",2017-10-25
https://www.huffingtonpost.com/entry/ben-stein-wonders-if-obama-hates-america-because-hes-part-black_us_564d0721e4b00b7997f930fe,Ben Stein Wonders If Obama Hates America Because 'He's Part Black',"""He has a real strong hatred of America. Is it because he's part black?""",Michael McLaughlin,2015-11-19
https://www.huffingtonpost.com/entry/donald-trump-snl-nbc-felix-sanchez_us_5640a910e4b0b24aee4ad5f1,Hispanic Foundation Leader Blasts NBC For Trump 'SNL' Appearance,"‚ÄúI mean, it's really about choosing ratings over respecting a community.""",Judah Robinson,2015-11-09
https://www.huffingtonpost.com/entry/fox-cuts-ties-with-guest-who-cited-john-mccain-to-defend-torture_us_5af58ce0e4b00d7e4c19cd54,Fox Cuts Ties With Guest Who Cited John McCain To Defend Torture,Tom McInerney previously has promoted the birther conspiracy theory against President Barack Obama.,Marina Fang,2018-05-11
https://www.huffpost.com/entry/mitch-mcconnell-senate-rules-backfires_n_61dd4afde4b0c7d8b8b48b06,Mitch McConnell Told To 'Save The Damn Crocodile Tears' After Whining About Voting,Critics hit the top Senate Republican with a few home truths.,Lee Moran,2022-01-11
https://www.huffingtonpost.com/entry/sweeping-changes-at-sec-under-new-leadership_us_59147068e4b002274b946a2a,Sweeping Changes At SEC Under New Leadership,"Expect sweeping changes in procedural operations, enforcement and overall philosophy at the Securities and Exchange Commission","Laura Anthony, Esq., ContributorFounding Partner of Legal & Compliance, LLC, a National Corpor...",2017-05-11
https://www.huffingtonpost.com/entry/ecuador-hope-for-donald-trump_us_587bf980e4b0b3c7a7b1f03e,Ecuador Has ‚ÄòHope‚Äô For Good Relationship With Trump Despite ‚ÄòConcerns‚Äô,"‚ÄúA lot of people in Latin America, a lot of my colleagues, are nervous about it,‚Äù the country‚Äôs minister of foreign affairs said.",Daniel Marans,2017-01-15
https://www.huffingtonpost.com/entry/rick-snyder-congress_us_56ea098ce4b0860f99db8f29,Rick Snyder Says A Water Crisis Like Flint's Could Happen Anywhere,"The Michigan governor admits he blew it, but warns others could blow it without new regulations.",Arthur Delaney,2016-03-17
https://www.huffingtonpost.com/entry/trump-tax-returns-lankford_us_58f76ba8e4b029063d359530,Another GOP Senator Says Donald Trump Should Release His Tax Returns,‚ÄúHe promised he would. He should keep his promise.‚Äù,Igor Bobic,2017-04-19
https://www.huffingtonpost.com/entry/pentagon-bush-torture-pictures-secret_us_56b52971e4b08069c7a769ad,Pentagon Continues To Block Release Of Bush-Era Torture Photos,"The military released 198 photos, a small part of those sought by the ACLU that purport to show damning detainee abuse.",Jessica Schulberg and Cristian Farias,2016-02-06
https://www.huffingtonpost.com/entry/civility-strikes-back_us_58ed6e78e4b0145a227cb984,Civility Strikes Back,Style and substance are both yielding to societal norms - at last From the moment Donald Trump down rode that escalator straight,"Jonathan Funke, ContributorRepublican-centrist-in-residence. Last one standing.",2017-04-12
https://www.huffingtonpost.com/entry/nfl-veteran-marco-rubio-football_us_55d6476ee4b020c386de2626,Here's What An NFL Veteran Has To Say About Marco Rubio's Football Skills,Rubio's throw is a perfect metaphor for the GOP primary.,Zach Carter and Adriana Usero,2015-08-21
https://www.huffingtonpost.com/entry/playing-a-symphony-on-that-white-skin_us_599497aae4b055243ea13538,Playing A Symphony On That White Skin,"Without question, Trump is condoning the attack on Charlottesville.","Les Leopold, ContributorExecutive Director, The Labor Institute",2017-08-17
https://www.huffingtonpost.com/entry/tim-murphys-resignation-highlights-moral-bankruptcy_us_59e0e2a2e4b003f928d5e62b,Tim Murphy‚Äôs Resignation Highlights Moral Bankruptcy Of Pro-Life Movement,We've seen this kind of blatant hypocrisy in the past and know it runs much deeper than one man‚Äôs scandalous behavior.,"Erin Matson, Guest WriterGuest Writer",2017-10-13
https://www.huffingtonpost.com/entry/congress-gun-violence-paul-ryan_us_57850776e4b0e05f05236a61,"Paul Ryan Wants To Fix Gun Violence, Proposes No Solutions",Congress is about to take a seven-week break without making progress on the issue.,Matt Fuller and Laura Barr√≥n-L√≥pez,2016-07-12
https://www.huffingtonpost.com/entry/hating-refugees-america_us_564c8fdbe4b06037734bc8a0,Hating Refugees Is Pretty Much As American As Apple Pie,"In the 1940s, U.S. officials worried that Nazi agents would pose as refugees to infiltrate countries.",Amanda Terkel and Nick Wing,2015-11-18
https://www.huffingtonpost.com/entry/trump-florida-shooting-visit_us_5a877aa3e4b00bc49f442321,"Trump Visits Shooting Victims, Local Police En Route To Mar-a-Lago For Long Weekend",The president praises first responders and medical staff but leaves some questions unanswered.,S.V. Date,2018-02-17
https://www.huffingtonpost.com/entry/mondays-morning-email-the-state-of-the-campaign-after-the-fbis-latest-announcement_us_58207d50e4b0e80b02cb097f,Monday's Morning Email: The State Of The Campaign After The FBI's Latest Announcement,One more day before Election Day.,Lauren Weber,2016-11-07
https://www.huffingtonpost.com/entry/ag-reverses-predecessors-memo-easing-drug-crime-prosecutions_us_591bc4ffe4b0a8551f3f8423,AG Reverses Predecessor‚Äôs Memo Easing Drug Crime Prosecutions,Holder directed federal prosecutors to use less strict charging and sentencing procedures for some drug offenses.,"Christopher Zoukis, ContributorAuthor and Prisoners' Rights Advocate",2017-05-17
https://www.huffingtonpost.com/entry/scientists-take-huge-step-toward-universal-flu-vaccine_us_55df5a8be4b0e7117ba93157,Scientists Take Huge Step Toward Universal Flu Vaccine,The yearly flu shot could soon be a thing of the past.,Joe Satran,2015-08-28
https://www.huffingtonpost.com/entry/dragonfly-44-dark-matter_us_57c0b0f6e4b04193420f3d41,Why The Discovery Of The Milky Way's 'Dark Twin' Is Such A Big Deal,Dragonfly 44 could help solve one of nature's biggest mysteries.,David Freeman,2016-08-28
https://www.huffingtonpost.com/entry/hawaii-supreme-court-hears-case-against-controversial-telescope_us_55dfc260e4b0aec9f352ca2e,Hawaii Supreme Court Hears Case Against Controversial Telescope,The Thirty Meter Telescope is expected to be one of the world's largest.,"CATHY BUSSEWITZ, AP",2015-08-28
https://www.huffingtonpost.com/entry/im-a-scientist-with-learn_b_5517718.html,I'm a Scientist With Learning Disabilities and That's Okay!,"Intelligence, like pretty much everything else subjective, is on a spectrum. And just because you may be lower than average in one or every single area, doesn't have anything to do with how good you will be at your job whether that's a scientist, clinician or business woman.","Collin Diedrich, ContributorA scientist that learns differently.",2014-06-21
https://www.huffingtonpost.com/entry/quantum-dots-treat-superbug-infections_us_569eb601e4b00f3e98634e5b,Tiny Quantum Dots May Spell Doom For Deadly Superbug Infections,Scientists say the light-activated nanoparticles wipe out infectious bacteria without harming healthy cells,David Freeman,2016-01-20
https://www.huffingtonpost.com/entry/does-natural-selection-evolution_us_5baeb05fe4b014374e2dbbc1,Does Natural Selection Really Explain What Makes Evolution Succeed?,"Did Wallace and Darwin hit the nail on the head and identify the crucial process of biological diversification? To most people, and especially to the evolutionist profession, the answer is so obviously ""Yes"" that even to pose the question subjects the person asking to abuse.","James Shapiro, Contributor
Professor of Microbiology at the University of Chicago",2012-08-12
https://www.huffingtonpost.com/entry/mini-pigs-pets-china_us_560de3cde4b0af3706e0434e,China Is Genetically Engineering Mini Pigs To Sell As Pets,"The $1,600 mini pigs are created using gene-editing techniques and cloning.",Carla Herreria,2015-10-04
https://www.huffingtonpost.com/entry/monarch-butterflies-extinct_us_56f6e5c9e4b0143a9b48699a,Eastern Monarch Butterflies May Be At Risk Of Extinction Within 20 Years,"Though the population was up this winter, the winged insects aren't out of the woods yet.",Hilary Hanson,2016-03-26
https://www.huffingtonpost.com/entry/tooth-denisovan-prehistoric-relatives_us_564b5e8ae4b045bf3df0fa5f,This Tooth Holds New Clues About Our Prehistoric Relatives,"""Their teeth are large and quite different in that they lack features typical of present-day humans and also features typical of Neanderthals.""",Eliza Sankar-Gorton,2015-11-18
https://www.huffingtonpost.com/entry/baby-volcanic-island-pacific-growing_us_5baebf17e4b014374e2ee578,Baby Volcanic Island Niijima Merges With Older Neighbor In Pacific Ocean (PHOTOS),"As a seafloor volcano continues to erupt in a remote part of the Pacific Ocean, a newborn island has swallowed its neighbor","LiveScience, LiveScience",2014-04-05
https://www.huffingtonpost.com/entry/if-you-like-to-blow-s-up-check-out-these-chemistry-gifs_us_55fb2167e4b08820d917edca,"If You Like To Blow S*** Up, Check Out These Chemistry GIFs",Blammo!,David Freeman,2015-09-28
https://www.huffingtonpost.com/entry/youre-not-a-chimpanzee-so-dont-make-love-like-one_b_6284916.html,"You're Not a Chimpanzee, So Don't Make Love Like One","Since Christmas is approaching, I'm tempted to say that these books might make good stocking stuffers. But the male ego is so fragile that some delicacy is required on the part of the giver, who must somehow insinuate that she's just trying to improve an already awesome performance.","Dan Cloud, ContributorAuthor, 'The Domestication of Language'; lecturer, Princeton U...",2014-12-10
https://www.huffingtonpost.com/entry/bad-sleep-genes_us_55afa019e4b08f57d5d30bbf,Just One Night Of Bad Sleep Can Alter Your Genes,It's been shown sleep deprivation can affect your genes. A new study suggests just how little it takes.,Jacqueline Howard,2015-07-22
https://www.huffingtonpost.com/entry/how-one-doctor-is-waging-war-on-bad-science_us_56cb2f54e4b0928f5a6c7aa6,How One Doctor Is Waging War On Bulls**t Science,It's about time.,David Freeman,2016-02-24
https://www.huffingtonpost.com/entry/the-days-of-our-lives-one_b_5389553.html,"The Days of Our Lives, One Day at a Time","Unfortunately, CBT is not readily available to everyone who might benefit from the therapy. It's rarely used in settings where addicts are typically treated, in large part because there are not enough well-trained therapists to meet the need.","Wray Herbert, ContributorAuthor, 'On Second Thought: Outsmarting Your Mind's Hard-Wired...",2014-05-25
https://www.huffingtonpost.com/entry/runner-attacked-by-rubber-band-in-freakiest-track-mishap-ever_us_58a31bd4e4b094a129ef0086,Runner 'Attacked' By Rubber Band In Freakiest Track Mishap Ever,"""He was tied up like Spider-Man threw something at him.""",Ron Dicker,2017-02-14
https://www.huffingtonpost.com/entry/fiji-first-olympic-gold-celebrations_us_57ad6a8ce4b007c36e4e1b46,Fiji Wins Its First Olympic Gold And Immediately Declares Public Holiday,"""We are all proud to be Fijians right now.""",Lee Moran,2016-08-12
https://www.huffingtonpost.com/entry/lebron-james-buzzer-beater_us_5ae14008e4b04aa23f1f258f,LeBron James Nails Incredible 3-Point Buzzer-Beater To Seal Game 5 For Cleveland,Game-winning shot puts Cleveland up 3-2 in playoff series against Indiana.,Ed Mazza,2018-04-26
https://www.huffingtonpost.com/entry/minor-league-manager-puts-on-a-show_us_55b4f91ae4b0224d883285e9,Minor League Baseball Manager Puts On A Show After Ejection,Tell us how you really feel.,James Gerken,2015-07-26
https://www.huffingtonpost.com/entry/subconcussive-hits-head-vision_us_573dc2dae4b0aee7b8e91684,Hits To The Head That Don't Cause Concussions Can Still Hurt You,"They can bring about subtle but lingering changes in the eyes‚Äô ability to focus, according to new research.","Kathryn Doyle, Reuters",2016-05-19
https://www.huffpost.com/entry/nfl-player-panthers-stops-fight_n_62f749dde4b0ab35e0b34afc,Video Shows NFL Player Hopping Into Stands To Stop Fighting Fans,"D.J. Moore's cameo took place during ""Fan Fest,"" an event organized by the Carolina Panthers.",Ben Blanchet,2022-08-13
https://www.huffingtonpost.com/entry/should-my-child-play-foot_b_6330856.html,Should My Child Play Football?,"All sports, like life itself, involve risks. Unless we intend to keep our children by our sides, safe from the potential of injury, growing up entails dangers to life and limb.","Roger I. Abrams, ContributorRichardson Professor of Law, Northeastern University; Author",2014-12-30
https://www.huffingtonpost.com/entry/usa-gymnastics-board-resigns_us_5a6b9b3ee4b0ddb658c67238,Entire USA Gymnastics Board Resigns Amid Larry Nassar Fallout,The U.S. Olympic Committee demanded the resignations and several other reforms in order for the body to not lose its national certification.,Ryan Grenoble,2018-01-26
https://www.huffingtonpost.com/entry/matt-farrell-reunion-brother-video_us_58590240e4b0b3ddfd8e8a1d,Notre Dame's Matt Farrell Has Emotional Surprise Reunion With Brother Back From Afghanistan,"‚ÄúSo this is the best Christmas present I‚Äôve ever had.""",Lee Moran,2016-12-20
https://www.huffingtonpost.com/entry/rio-2016-sex-beach-tv-bbc_us_57b6d671e4b00d9c3a16dfc4,Amorous Couple Interrupts BBC's Live Olympic Coverage,"""Apparently they‚Äôre reading a book in a strange pose.""",Lee Moran,2016-08-19
https://www.huffingtonpost.com/entry/niles-paul-injury-tweets_us_55ce40f1e4b055a6dab05b84,NFL Player's Tweets About Gruesome Injury Remind Us That Life Is 'Cruel Sometimes',"""And just like that, it was taken from me.""",Justin Block,2015-08-14
https://www.huffingtonpost.com/entry/sonny-bill-williams-injury-video_us_57e50c3de4b0e80b1ba16ae5,Injured Sports Star Finds Ingenious Way To Keep Working Out,"""Where there's a will, there's a way.""",Lee Moran,2016-09-23
https://www.huffingtonpost.com/entry/simone-biles-laurie-hernandez-rio-gymnastics-olympics_us_57b1fadae4b0718404122a11,This Old Photo Of Simone Biles And Laurie Hernandez Foresaw Olympic Greatness,They were on the path to the Olympics together before they even knew it! üèÖ,Minou Clark,2016-08-15
https://www.huffingtonpost.com/entry/peyton-manning-face-nice_us_56a5538be4b0404eb8f1ff25,Peyton Manning Made The Perfect Face Right Before He Got Sacked,Perhaps the best Manning Face ever.,Maxwell Strachan,2016-01-24
https://www.huffpost.com/entry/deshuan-watson-apologize-to-women-ive-impacted_n_62f6e154e4b0da517ef8ae9c,Cleveland Browns QB Deshaun Watson Apologizes ‚ÄòTo All The Women I Have Impacted‚Äô,The QB has been accused by two dozen women of sexual misconduct during massage therapy sessions.,"Tom Withers, AP",2022-08-12
https://www.huffingtonpost.com/entry/clear-shoes-and-bags_us_5b9b85a3e4b03a1dcc784a1a,"Clear Shoes, Bags And Accessories That Would Put A Smile On Cinderella's Face (PHOTOS)",We all have neutral accessories in our wardrobes -- it's important to have accent pieces that go with everything. But what,Christina Anderson,2012-04-09
https://www.huffingtonpost.com/entry/pumpkin-beauty-benefits_us_5b9d9890e4b03a1dcc89f6cc,5 Surprising Uses For Pumpkin (None Of Which Are Lattes),"Here are five guilt-free uses for pumpkin: Want more HuffPost Style beauty content? Check us out on Twitter, Facebook, Tumblr",Dana Oliver,2013-10-15
https://www.huffingtonpost.com/entry/leah-kelley_us_5b9db146e4b03a1dcc8b8fd3,'Plus-Size' Model Leah Kelley: We Need More Size 8 Models,"Want more? Be sure to check out HuffPost Style on Twitter, Facebook, Tumblr, Pinterest and Instagram at @HuffPostStyle. While",Rebecca Adams,2013-12-03
https://www.huffingtonpost.com/entry/elle-fanning-red-hair_us_5b9b837ae4b03a1dcc783332,Elle Fanning Debuts Red Hair! (PHOTOS),"The 13-year-old actress ditched her blonde locks in favor of red on Tuesday, when she was spotted on a movie set in the Soho",Jessica Misener,2012-03-29
https://www.huffpost.com/entry/indigenous-fashion-designers-brands_l_5f11d1f4c5b619afc400ea87,"23 Indigenous Fashion Brands: Clothing, Jewelry, Accessories And Shoes",Beyond the soulless world of fast fashion and mass retail lies a whole universe of craftsmanship with character.,Rohina Katoch Sehra,2020-07-27
https://www.huffingtonpost.com/entry/natalia-vodianova-half-marathon_us_5b9b6879e4b03a1dcc774f8a,"Natalia Vodianova Half-Marathon Requires Dreaded, Disgusting Powerade (VIDEO)","In her play-by-play description on Facebook, Natalia called the race ""incredibly challenging,"" professing that she basically",Ellie Krupnick,2012-03-05
https://www.huffingtonpost.com/entry/cameo-jewelry_us_5b9bc3c9e4b03a1dcc7a2c19,Cameo Jewelry: 7 Pieces That Don't Feel Fusty (PHOTOS),Cameo jewelry usually brings to mind stuffy Victorian women whose frilly blouses were buttoned all the way up and whose modest,Christina Anderson,2012-06-05
https://www.huffingtonpost.com/entry/ashton-kutcher-colcci-ads_us_5b9b5f0fe4b03a1dcc7702be,Ashton Kutcher Colcci Ads Pair TV Star With Alessandra Ambrosio (PHOTOS),"Last month at Sao Paulo Fashion Week, Ambrosio walked the Colcci runway (while pregnant!) as Kutcher cheered on from the",Ellie Krupnick,2012-02-24
https://www.huffingtonpost.com/entry/pregnant-jessica-simpson-heels_us_5b9b8468e4b03a1dcc783c3e,Pregnant Jessica Simpson Gives Up Wearing Heels: 'I Tried But It Was Too Hard' (PHOTOS),"Enjoy your flip-flops, Jess -- we don't blame you. Round 1: Jess opens strong. Jessica tells Us Weekly in November that she",Jessica Misener,2012-03-29
https://www.huffingtonpost.com/entry/only-connect_us_5b9cda5fe4b03a1dcc8270a2,Only Connect,"The other day, I was telling my friend S about one of the more entertaining break-up conversations I'd had. This was a long time ago, when I was dating D, a younger man who had first approached me on the sidewalk one sunny Saturday, asking if I was a dancer.","Suzanne Guillette, Contributor
Writer, teacher and author, 'Much to Your Chagrin: A Memoir of...",2013-02-26
https://www.huffingtonpost.com/entry/hm-rip-off_us_5b9db54be4b03a1dcc8bc9ed,H&M Pulls Kids Clothes After Ripoff Accusation,"That's the argument made by Tori LaConsay, another artist who saw her original work pop up at H&M. Back in January 2012, LaConsay",Ellie Krupnick,2013-12-10
https://www.huffingtonpost.com/entry/festive-fashion_us_5b9dbae1e4b03a1dcc8c20d7,Festive Fashion,"If your budget is as tight as your schedule and you find yourself stressing, just step back and harness your inner Cinderella.","Christi Guthrie, Contributor
Entrepreneur, Writer, Speaker, Dandelion Chaser",2013-12-19
https://www.huffingtonpost.com/entry/hanneli-mustaparta-style-monochromatic_us_5b9bd120e4b03a1dcc7a7b94,Hanneli Mustaparta Makes Monochromatic Look Easy,WHERE: ACNE Studios New York flagship store opening dinner on June 5th. David X Prutting/BFAnyc.com Shop a similar look below,Brooke Bobb,2012-06-09
https://www.huffingtonpost.com/entry/anna-wintour-marc-jacobs-matching-prada_us_5b9d1a14e4b03a1dcc84758b,Anna Wintour & Marc Jacobs' Matching Prada Style: Who Wore It Best? (PHOTOS),Couples who have us seeing double: Though there seems to be no shortage of amazing outfits available for celebs' premiere,Lauren Leibowitz,2013-04-27
https://www.huffingtonpost.com/entry/lace-leather-and-all-thin_us_5b9dd663e4b03a1dcc8d9496,"Lace, Leather and All Things Love","Valentine's Day is just around the corner which means it's time for pink sprinkled cupcakes, delicate doily valentines and pastel colored candy hearts.  It also means it's time for the inevitable question, ""What am I going to wear?!""","Shoptiques.com, Contributor
Shoptiques.com lets you shop over 5,000 of the world's best bo...",2014-02-05
https://www.huffingtonpost.com/entry/the-five-best-places-to-c_us_5b9deaf4e4b03a1dcc8eb29d,The 5 Best Places to Celebrate St. Patrick's Day,"The biggest and best celebrations are concentrated either in Ireland itself, or in that land across the water, where so many Irish immigrants settled in successive waves from the 17th century on.","Hopper, Contributor
Hopper",2014-03-10
https://www.huffingtonpost.com/entry/chinese-tourists-north-korea_us_5b9d67e8e4b03a1dcc87a45f,Chinese Tourists Upset North Koreans By Treating Children 'Like They're Feeding Ducks',"Per The Shanghaiist, Chinese visitors to the so-called ""hermit kingdom"" have also been known to pick up ""bewildered"" North",Ryan Grenoble,2013-08-05
https://www.huffingtonpost.com/entry/the-top-5-hotels-to-distr_us_5b9b5501e4b03a1dcc76b1f9,5 Hotels With Distracting Amenities (PHOTOS),"Couples getaways can be great. Unfortunately, they normally involve having your significant other along.","Oyster.com, Contributor
The Hotel Tell-All",2012-02-17
https://www.huffingtonpost.com/entry/airport-timelapse-video-swiss-airlines_us_5b9d6b34e4b03a1dcc87c8a7,WATCH: Airport Time-Lapse Video From Swiss Airlines,"VIDEO: Swiss You've probably asked the question ""What is going",Emi Boscamp,2013-08-10
https://www.huffingtonpost.com/entry/cold-war-museum-plan-prom_us_5b9c3271e4b03a1dcc7d0448,Cold War Museum At Berlin's Checkpoint Charlie Prompts Discussion Over City's Past (PHOTOS),"""There's an Eastern side to it, and while the East contributed to fear, propaganda and confrontation, we have to offer something","Reuters, Reuters",2012-08-28
https://www.huffingtonpost.com/entry/change-how-you-travel-in-2013_us_5b9cae10e4b03a1dcc80d2b6,Change How You Travel In 2013,"Unlike typical New Year's resolutions such as losing weight, quitting smoking or training to run your first marathon, which -- let's be honest -- are often times hard to keep, I offer here three tried and true travel resolutions that are fun and much easier to adopt.","Crawford Hill, Contributor
Educator, CEO of Chill Expeditions",2013-01-04
https://www.huffingtonpost.com/entry/moroccos-majestic-coastal_us_5b9dbeb2e4b03a1dcc8c5ed0,Morocco's Majestic Coastal Road,"As the gateway to Northern Africa, Morocco provides a rich and cultural backdrop. Along the coast you will see an African ambiance, Middle Eastern and Mediterranean sensibilities, a European aesthetic and that definitive French flair.","Karen Loftus , Contributor
Travel, Luxury Lifestyle & Adventure Writer, Global Photograph...",2014-01-02
https://www.huffingtonpost.com/entry/best-of-ireland_us_5b9d539ae4b03a1dcc86af77,Ireland's 10 Best Attractions,"Whether you're headed to the Emerald Isle any time soon or simply window-shopping, we've rounded up 10 of the best attractions Ireland has to offer, from natural wonders on the Atlantic coast to Dublin's literary highlights.","Budget Travel, Contributor
Your source for vacation inspiration, travel deals, and expert...",2013-07-22
https://www.huffingtonpost.com/entry/dreaming-of-my-2014-travels_us_5b9dfabce4b03a1dcc8fcfe5,Dreaming of My 2014 Travels: Cinque Terre,"I've been giddier than usual this week as I'm finalizing my travel plans for 2014. I've got an amazing itinerary promising four months of fun and learning, and there'll be lots of great new information to share.","Rick Steves, Contributor
Contributor",2014-04-10
https://www.huffingtonpost.com/entry/trend-watch-the-rise-of-i_us_5b9d4501e4b03a1dcc862558,Trend Watch: The Rise of Immersive Role-Play Games,"Taking a cue from the enormous popularity of video games, top family travel destinations are offering high-tech interactive gaming experiences that immerse visitors in a storyline. Here are four places your family can experience this growing trend and get in on the game.","MiniTime, Contributor
MiniTime is the first family travel site with personalized rec...",2013-06-18
https://www.huffingtonpost.com/entry/yoga-destinations_us_5b9d98cee4b03a1dcc89f8c7,5 Hip and Cool Yoga Destinations,"Take your yoga practice to new heights with these beautiful destinations with unique, hip and cool yoga classes. Regardless of the style of yoga you typically practice, you will find life-changing experiences here. Grab your mat and check out my top five picks.","Alison Lewis, Contributor
Founder and Editor-in-Chief, Healthy Travel",2013-10-19
https://www.huffingtonpost.com/entry/air-travel-pundit-confess_us_5b9b67e8e4b03a1dcc774821,Air Travel Pundit Confession: Why I'd Rather Cruise Than Fly Any Day,"Whoever you are, there's a ship or a line that will float your boat.","George Hobica, Contributor
Syndicated travel writer and founder, Airfarewatchdog.com",2012-03-10
https://www.huffingtonpost.com/entry/albuquerque-balloon-festival_us_5b9da04ce4b03a1dcc8a6d4b,Watch This Hypnotic Timelapse of Albuquerque's Balloon Festival,"A couple weeks ago, Albuquerque, New Mexico  held its 41st annual International Balloon Fiesta. It's a nine-day event where over 700 balloons see liftoff. It's the largest hot air balloon festival in the entire world and we were on hand to capture the action.","Roadtrippers, Contributor
Travel local.",2013-11-01
https://www.huffingtonpost.com/entry/travel-booking-site-secrets_us_57745e00e4b0cc0fa1367cd1,5 Travel Booking Secrets That Will Help You Score Cheaper Flights,You'll never book a flight the same way again.,Carla Herreria,2016-06-30
https://www.huffingtonpost.com/entry/why-the-kony-2012-campaig_us_5b9b6f8de4b03a1dcc7787d2,"Why The ""Kony 2012"" Campaign Should Make Travelers Uncomfortable","The children of Northern Uganda deserve your concern, energy and money. Travelers know that context is everything.","Steve Bramucci, Contributor
Travel Writer",2012-03-13
https://www.huffingtonpost.com/entry/remembering_us_5b9c97cfe4b03a1dcc801f77,Remembering a Soldier's Face,"In fact, it was I who never, ever has forgotten his face. I had, indeed, memorized it. I close my eyes and I can see him clearly after almost 45 years.  I had the privilege of being with him in his last hours.","Helen Davey, Ph.D., Contributor
Dr. Helen Davey is a psychoanalyst and psychotherapist in Los ...",2012-12-07
https://www.huffingtonpost.com/entry/to-do-list_us_5b9bac04e4b03a1dcc798100,You Don't Have to Do it All,"After a moment of desperation, I laughed out loud.  Hopeless! The list is getting longer, not shorter. Do I really have to do everything I think I have to do?  And my inner wisdom whispered, ""No.""","Jinny S.Ditzler, Contributor
Author, 'Your Best Year Yet!' and founder of Best Year Yet",2012-05-08
https://www.huffingtonpost.com/entry/public-health_us_5b9b948de4b03a1dcc78ca38,The $2 Trillion Question,"Why is it that America is still spending $2 trillion on health care, mostly treating people after they become sick? How can we shift money toward prevention, where each dollar can save us multiple dollars on treatment?","Dr. Cindy Haines, Contributor
Chief Medical Officer, HealthDay News",2012-04-24
https://www.huffingtonpost.com/entry/folic-acid-cancer-high-doses_us_5b9cc18de4b03a1dcc818f33,Folic Acid And Cancer: High Doses Of The B Vitamin Don't Raise Cancer Risk,"For the analysis, the researchers combined data from 13 separate trials that randomly assigned participants to daily folic","Reuters, Reuters",2013-01-28
https://www.huffingtonpost.com/entry/mandela_us_5b9db841e4b03a1dcc8bf507,Change One Thing and Everything Changes: Mandela's Lesson,"Everyone seemed to make eye contact and smile in passing. More doors seemed to be held, more patience behind the wheel, more assistance offered for a multitude of little things. Everyone seemed enlarged, elevated, more filled with love than fear. I will call this the Mandela Effect.","Paul Spector MD, Contributor
Health consultant and writer specializing in prevention and ag...",2013-12-17
https://www.huffingtonpost.com/entry/three-ways-to-deal-with-t_us_5b9dd75ae4b03a1dcc8da250,Three Ways to Deal With the Poison Person,I often wonder if negative people ever realize just how much their bad vibe affects everyone else.,"Lisa Earle McLeod, Contributor
Creator of Noble Purpose in business concept",2014-02-21
https://www.huffingtonpost.com/entry/may-cause-miracles_us_5b9c3189e4b03a1dcc7cfcef,May Cause Miracles: Interview With Latham Thomas (VIDEO),"In my ""May Cause Miracles"" interview series, I sat down with my best friend Latham Thomas to discuss spiritual parenting, how to launch a book and her tools for turning pain into purpose.","Gabrielle Bernstein, Contributor
Speaker, Author of Add More ~ing to Your Life, Spirit Junkie a...",2012-08-31
https://www.huffingtonpost.com/entry/tea-health-benefits_us_5b9d4d2be4b03a1dcc866e19,6 Amazing Benefits of Tea,"For those that have not yet embraced a tea-drinking habit, it's never too late to start brewing a batch! Explore the various types, flavors, and brands to find your tea-mate.","Kristin Kirkpatrick, MS, RDN , Contributor
Nutrition Team Lead for the Cleveland Clinic Wellness Institute",2013-06-30
https://www.huffingtonpost.com/entry/success-and-motivation_us_5b9da633e4b03a1dcc8acb15,Why Do We Work So Hard?,"But what if we were to work harder at being truly happy? What if we defined our true happiness as our ultimate success?  Well, all of a sudden, working hard isn't so hard anymore. In fact, it's quite enjoyable!","Gayle Hilgendorff, Contributor
Author, speaker, coach, founder The Healthy Leader",2013-11-08
https://www.huffingtonpost.com/entry/addiction-and-recovery_us_5b9dd14ae4b03a1dcc8d3e1b,'Recovering Alcoholic': Words That Stigmatize or Empower?,"Is it really stigmatizing these days to identify yourself as a recovering alcoholic or addict? The evidence suggests that, to the contrary, coming to the point where an individual able to embrace that identity can help to solidify his or her recovery.","Joseph Nowinski, Ph.D., Contributor
Clinical psychologist",2014-02-04
https://www.huffingtonpost.com/entry/breast-cancer-mastectomy_us_5b9c6a74e4b03a1dcc7e784d,Why a Mastectomy Was the Best Choice for Me,I decided that I would undergo a bilateral mastectomy with immediate reconstruction. I remember the frustration I felt at not having the mastectomy sooner. I wanted to fast track the whole thing. I wanted those things off yesterday.,"Amy Curran Baker, Contributor
Author, 'Now What? A Patient's Guide to Recovery After Masectomy'",2012-10-21
https://www.huffingtonpost.com/entry/being-stressed-out_us_5b9df53fe4b03a1dcc8f7f41,How To Be The Most Stressed Out Person You Know,Overanalyze everything. When has any stressful situation ever been solved by obsessing over it? Ruminating on anxious thoughts,Lindsay Holmes,2014-04-03
https://www.huffingtonpost.com/entry/winter-road-races_us_5b9ddd18e4b03a1dcc8de332,7 Wacky Races We're Dying to Try,"I'm kinda over the same point-A-to-point-B road races. And plain pavement running in this weather? Please. So, I took a look around, and, shockingly, there are almost more unique, kooky, wait-I-have-to-sign-up-for-that fitness races in the winter than the tolerable-season months!","SELF, Contributor
SELF - Conde Nast",2014-02-28
https://www.huffingtonpost.com/entry/all-creatures-great-and-s_us_5b9de73ae4b03a1dcc8e6c7e,All Creatures Great and Small: A Lesson in Mourning,"I've written many blogs about the importance of mourning for human beings (see my earlier blog, ""Counting My People""), so","Helen Davey, Ph.D., Contributor
Dr. Helen Davey is a psychoanalyst and psychotherapist in Los ...",2014-02-28
https://www.huffingtonpost.com/entry/change-your-life_us_5b9d7464e4b03a1dcc883385,3 Things to Do Now to Change Your Health and Life for Good,"By betting on your voice within and acting on what must change, by starting a daily reflective practice like meditation and by eliminating one toxic substance in your diet, you find you are a person capable of healthy changes.","Vyda Bielkus, Contributor
Co-Founder & CEO, Health Yoga Life, www.healthyogalife.com",2013-08-22
